-- MySQL dump 10.13  Distrib 8.0.36, for Win64 (x86_64)
--
-- Host: 127.0.0.1    Database: rewards
-- ------------------------------------------------------
-- Server version	8.0.36

/*!40101 SET @OLD_CHARACTER_SET_CLIENT=@@CHARACTER_SET_CLIENT */;
/*!40101 SET @OLD_CHARACTER_SET_RESULTS=@@CHARACTER_SET_RESULTS */;
/*!40101 SET @OLD_COLLATION_CONNECTION=@@COLLATION_CONNECTION */;
/*!50503 SET NAMES utf8 */;
/*!40103 SET @OLD_TIME_ZONE=@@TIME_ZONE */;
/*!40103 SET TIME_ZONE='+00:00' */;
/*!40014 SET @OLD_UNIQUE_CHECKS=@@UNIQUE_CHECKS, UNIQUE_CHECKS=0 */;
/*!40014 SET @OLD_FOREIGN_KEY_CHECKS=@@FOREIGN_KEY_CHECKS, FOREIGN_KEY_CHECKS=0 */;
/*!40101 SET @OLD_SQL_MODE=@@SQL_MODE, SQL_MODE='NO_AUTO_VALUE_ON_ZERO' */;
/*!40111 SET @OLD_SQL_NOTES=@@SQL_NOTES, SQL_NOTES=0 */;

--
-- Table structure for table `favorites`
--

DROP TABLE IF EXISTS `favorites`;
/*!40101 SET @saved_cs_client     = @@character_set_client */;
/*!50503 SET character_set_client = utf8mb4 */;
CREATE TABLE `favorites` (
  `_id` bigint unsigned NOT NULL AUTO_INCREMENT,
  `shopId` bigint unsigned NOT NULL,
  `userId` bigint NOT NULL,
  `disable` bigint NOT NULL,
  `disableDate` date NOT NULL,
  PRIMARY KEY (`_id`),
  KEY `favorites_shopid_foreign` (`shopId`),
  CONSTRAINT `favorites_shopid_foreign` FOREIGN KEY (`shopId`) REFERENCES `store` (`_id`)
) ENGINE=InnoDB DEFAULT CHARSET=utf8mb4 COLLATE=utf8mb4_0900_ai_ci;
/*!40101 SET character_set_client = @saved_cs_client */;

--
-- Dumping data for table `favorites`
--

LOCK TABLES `favorites` WRITE;
/*!40000 ALTER TABLE `favorites` DISABLE KEYS */;
/*!40000 ALTER TABLE `favorites` ENABLE KEYS */;
UNLOCK TABLES;

--
-- Table structure for table `review`
--

DROP TABLE IF EXISTS `review`;
/*!40101 SET @saved_cs_client     = @@character_set_client */;
/*!50503 SET character_set_client = utf8mb4 */;
CREATE TABLE `review` (
  `_id` bigint unsigned NOT NULL AUTO_INCREMENT,
  `shopId` bigint unsigned NOT NULL,
  `userId` bigint NOT NULL,
  `reviewTime` timestamp NOT NULL,
  `description` text NOT NULL,
  `rating` int NOT NULL,
  PRIMARY KEY (`_id`),
  KEY `review_shopid_foreign` (`shopId`),
  CONSTRAINT `review_shopid_foreign` FOREIGN KEY (`shopId`) REFERENCES `store` (`_id`)
) ENGINE=InnoDB DEFAULT CHARSET=utf8mb4 COLLATE=utf8mb4_0900_ai_ci;
/*!40101 SET character_set_client = @saved_cs_client */;

--
-- Dumping data for table `review`
--

LOCK TABLES `review` WRITE;
/*!40000 ALTER TABLE `review` DISABLE KEYS */;
/*!40000 ALTER TABLE `review` ENABLE KEYS */;
UNLOCK TABLES;

--
-- Table structure for table `store`
--

DROP TABLE IF EXISTS `store`;
/*!40101 SET @saved_cs_client     = @@character_set_client */;
/*!50503 SET character_set_client = utf8mb4 */;
CREATE TABLE `store` (
  `_id` bigint unsigned NOT NULL AUTO_INCREMENT,
  `totalReviews` int NOT NULL,
  `latitude` decimal(8,2) NOT NULL,
  `longitude` decimal(8,2) NOT NULL,
  `openStatus` enum('OPEN','CLOSED') NOT NULL,
  `storeTimeId` bigint unsigned DEFAULT NULL,
  `storeName` varchar(255) NOT NULL,
  PRIMARY KEY (`_id`),
  KEY `store_storetimeid_foreign` (`storeTimeId`),
  CONSTRAINT `store_storetimeid_foreign` FOREIGN KEY (`storeTimeId`) REFERENCES `storetime` (`_id`)
) ENGINE=InnoDB AUTO_INCREMENT=11 DEFAULT CHARSET=utf8mb4 COLLATE=utf8mb4_0900_ai_ci;
/*!40101 SET character_set_client = @saved_cs_client */;

--
-- Dumping data for table `store`
--

LOCK TABLES `store` WRITE;
/*!40000 ALTER TABLE `store` DISABLE KEYS */;
INSERT INTO `store` VALUES (6,50,37.77,-122.42,'OPEN',NULL,'Super Mart'),(7,30,40.71,-74.01,'CLOSED',NULL,'City Grocers'),(8,20,34.05,-118.24,'OPEN',NULL,'Downtown Market'),(9,45,41.88,-87.63,'OPEN',NULL,'Metro Foods'),(10,15,51.51,-0.13,'CLOSED',NULL,'Central Superstore');
/*!40000 ALTER TABLE `store` ENABLE KEYS */;
UNLOCK TABLES;

--
-- Table structure for table `storeholiday`
--

DROP TABLE IF EXISTS `storeholiday`;
/*!40101 SET @saved_cs_client     = @@character_set_client */;
/*!50503 SET character_set_client = utf8mb4 */;
CREATE TABLE `storeholiday` (
  `_id` bigint unsigned NOT NULL AUTO_INCREMENT,
  `storeId` bigint unsigned NOT NULL,
  `startDate` date NOT NULL,
  `endDate` date NOT NULL,
  PRIMARY KEY (`_id`),
  KEY `storeholiday_storeid_foreign` (`storeId`),
  CONSTRAINT `storeholiday_storeid_foreign` FOREIGN KEY (`storeId`) REFERENCES `store` (`_id`)
) ENGINE=InnoDB DEFAULT CHARSET=utf8mb4 COLLATE=utf8mb4_0900_ai_ci;
/*!40101 SET character_set_client = @saved_cs_client */;

--
-- Dumping data for table `storeholiday`
--

LOCK TABLES `storeholiday` WRITE;
/*!40000 ALTER TABLE `storeholiday` DISABLE KEYS */;
/*!40000 ALTER TABLE `storeholiday` ENABLE KEYS */;
UNLOCK TABLES;

--
-- Table structure for table `storetime`
--

DROP TABLE IF EXISTS `storetime`;
/*!40101 SET @saved_cs_client     = @@character_set_client */;
/*!50503 SET character_set_client = utf8mb4 */;
CREATE TABLE `storetime` (
  `_id` bigint unsigned NOT NULL AUTO_INCREMENT,
  `openTime` varchar(255) NOT NULL,
  `closeTime` varchar(255) NOT NULL,
  `off Days` bigint DEFAULT NULL,
  PRIMARY KEY (`_id`)
) ENGINE=InnoDB DEFAULT CHARSET=utf8mb4 COLLATE=utf8mb4_0900_ai_ci;
/*!40101 SET character_set_client = @saved_cs_client */;

--
-- Dumping data for table `storetime`
--

LOCK TABLES `storetime` WRITE;
/*!40000 ALTER TABLE `storetime` DISABLE KEYS */;
/*!40000 ALTER TABLE `storetime` ENABLE KEYS */;
UNLOCK TABLES;

--
-- Table structure for table `user`
--

DROP TABLE IF EXISTS `user`;
/*!40101 SET @saved_cs_client     = @@character_set_client */;
/*!50503 SET character_set_client = utf8mb4 */;
CREATE TABLE `user` (
  `userId` varchar(255) NOT NULL,
  `username` varchar(255) NOT NULL,
  `email` varchar(255) NOT NULL,
  `_id` bigint NOT NULL AUTO_INCREMENT,
  `firstName` varchar(255) NOT NULL,
  `lastName` varchar(255) NOT NULL,
  `userTypeId` bigint unsigned NOT NULL,
  PRIMARY KEY (`_id`),
  UNIQUE KEY `user_userid_unique` (`userId`),
  UNIQUE KEY `user_username_unique` (`username`),
  KEY `user_usertypeid_foreign` (`userTypeId`),
  CONSTRAINT `user_usertypeid_foreign` FOREIGN KEY (`userTypeId`) REFERENCES `usertype` (`_id`)
) ENGINE=InnoDB AUTO_INCREMENT=11 DEFAULT CHARSET=utf8mb4 COLLATE=utf8mb4_0900_ai_ci;
/*!40101 SET character_set_client = @saved_cs_client */;

--
-- Dumping data for table `user`
--

LOCK TABLES `user` WRITE;
/*!40000 ALTER TABLE `user` DISABLE KEYS */;
INSERT INTO `user` VALUES ('user1','john_doe','john.doe@example.com',6,'John','Doe',1),('user2','jane_smith','jane.smith@example.com',7,'Jane','Smith',2),('user3','alice_jones','alice.jones@example.com',8,'Alice','Jones',1),('user4','bob_miller','bob.miller@example.com',9,'Bob','Miller',2),('user5','emma_white','emma.white@example.com',10,'Emma','White',1);
/*!40000 ALTER TABLE `user` ENABLE KEYS */;
UNLOCK TABLES;

--
-- Table structure for table `usertype`
--

DROP TABLE IF EXISTS `usertype`;
/*!40101 SET @saved_cs_client     = @@character_set_client */;
/*!50503 SET character_set_client = utf8mb4 */;
CREATE TABLE `usertype` (
  `_id` bigint unsigned NOT NULL AUTO_INCREMENT,
  `type` varchar(255) NOT NULL,
  PRIMARY KEY (`_id`)
) ENGINE=InnoDB AUTO_INCREMENT=3 DEFAULT CHARSET=utf8mb4 COLLATE=utf8mb4_0900_ai_ci;
/*!40101 SET character_set_client = @saved_cs_client */;

--
-- Dumping data for table `usertype`
--

LOCK TABLES `usertype` WRITE;
/*!40000 ALTER TABLE `usertype` DISABLE KEYS */;
INSERT INTO `usertype` VALUES (1,'VENDOR'),(2,'CONSUMER');
/*!40000 ALTER TABLE `usertype` ENABLE KEYS */;
UNLOCK TABLES;

--
-- Table structure for table `vendorshoplink`
--

DROP TABLE IF EXISTS `vendorshoplink`;
/*!40101 SET @saved_cs_client     = @@character_set_client */;
/*!50503 SET character_set_client = utf8mb4 */;
CREATE TABLE `vendorshoplink` (
  `_id` bigint unsigned NOT NULL AUTO_INCREMENT,
  `shopId` bigint unsigned NOT NULL,
  `vendorId` varchar(255) NOT NULL,
  PRIMARY KEY (`_id`),
  KEY `vendorshoplink_vendorid_foreign` (`vendorId`),
  KEY `vendorshoplink_shopid_foreign` (`shopId`),
  CONSTRAINT `vendorshoplink_shopid_foreign` FOREIGN KEY (`shopId`) REFERENCES `store` (`_id`),
  CONSTRAINT `vendorshoplink_vendorid_foreign` FOREIGN KEY (`vendorId`) REFERENCES `user` (`userId`)
) ENGINE=InnoDB DEFAULT CHARSET=utf8mb4 COLLATE=utf8mb4_0900_ai_ci;
/*!40101 SET character_set_client = @saved_cs_client */;

--
-- Dumping data for table `vendorshoplink`
--

LOCK TABLES `vendorshoplink` WRITE;
/*!40000 ALTER TABLE `vendorshoplink` DISABLE KEYS */;
/*!40000 ALTER TABLE `vendorshoplink` ENABLE KEYS */;
UNLOCK TABLES;
/*!40103 SET TIME_ZONE=@OLD_TIME_ZONE */;

/*!40101 SET SQL_MODE=@OLD_SQL_MODE */;
/*!40014 SET FOREIGN_KEY_CHECKS=@OLD_FOREIGN_KEY_CHECKS */;
/*!40014 SET UNIQUE_CHECKS=@OLD_UNIQUE_CHECKS */;
/*!40101 SET CHARACTER_SET_CLIENT=@OLD_CHARACTER_SET_CLIENT */;
/*!40101 SET CHARACTER_SET_RESULTS=@OLD_CHARACTER_SET_RESULTS */;
/*!40101 SET COLLATION_CONNECTION=@OLD_COLLATION_CONNECTION */;
/*!40111 SET SQL_NOTES=@OLD_SQL_NOTES */;

-- Dump completed on 2024-02-03 21:18:50
